{"cameraMode":{"drawMode":0,"name":"Shaded","section":"Shading Mode"},"sceneLighting":false,"audioPlay":false,"sceneViewState":{"m_AlwaysRefresh":false,"showFog":true,"showSkybox":false,"showFlares":true,"showImageEffects":true,"showParticleSystems":true,"showVisualEffectGraphs":true,"m_FxEnabled":true},"in2DMode":false,"pivot":{"x":-0.005517005920410156,"y":6.704674243927002,"z":0.44522374868392947},"rotation":{"x":-0.09992679208517075,"y":-0.7093864679336548,"z":0.10180671513080597,"w":-0.6903846859931946},"size":11.722509384155274,"orthographic":false}